{
    "F1_Score": 0.9807538091419407,
    "Accuracy": 0.9814814814814815
}